phase,previousClaim,currentEvidence,status,difference,explanation,source
A-01.2,"IPIP-50-MX implementado","grep IPIP en src/prisma/scripts/public = 0; git log -S ""IPIP"" -- src/ = 0 commits; -S ""IPIP50-MX"" = 0 commits; 0 en ramas clean-main/main-clean/origin/main",CONTRADICTED,"El instrumento IPIP-50-MX nunca existió en esta historia git (ni implementado ni eliminado)","El expediente evidence-a01-2/ NO está en disco: no se puede verificar el texto original del reclamo. El único artefacto contemporáneo in-repo (AUDITORIA_EVALUHR.md L17/L111, commit fd38991) dice explícitamente que los ítems son del desarrollador y SIN citar IPIP. No se inventa explicación: o A-01.2 describió un diseño nunca materializado o se redactó sobre un estado externo a este historial","evidence-a04-4/02-ipip-reconciliation.md; git log -S; AUDITORIA_EVALUHR.md L17/L111"
A-01.2,"Expediente de la fase disponible para contraste","carpeta evidence-a01-2/ inexistente en disco",NOT_VERIFIABLE,"no contrastable","limitación honesta de fuentes; se compara solo contra artefactos dentro del repo",LS /home/z/my-project
A-01.3,"—","carpeta evidence-a01-3/ inexistente en disco",NOT_VERIFIABLE,"—","sin expediente en disco; nada que citar sin inventar",LS /home/z/my-project
A-02.1,"—","carpeta evidence-a02-1/ inexistente en disco",NOT_VERIFIABLE,"—","sin expediente en disco",LS /home/z/my-project
A-02.2,"—","carpeta evidence-a02-2/ inexistente en disco",NOT_VERIFIABLE,"—","sin expediente en disco",LS /home/z/my-project
A-02.3,"—","carpeta evidence-a02-3/ inexistente en disco",NOT_VERIFIABLE,"—","sin expediente en disco",LS /home/z/my-project
A-02.4,"—","carpeta evidence-a02-4/ inexistente en disco",NOT_VERIFIABLE,"—","sin expediente en disco",LS /home/z/my-project
A-02.5,"—","carpeta evidence-a02-5/ inexistente en disco",NOT_VERIFIABLE,"—","sin expediente en disco",LS /home/z/my-project
A-03.1,"—","carpeta evidence-a03-1/ inexistente en disco",NOT_VERIFIABLE,"—","sin expediente en disco",LS /home/z/my-project
A-03.2,"—","carpeta evidence-a03-2/ inexistente en disco",NOT_VERIFIABLE,"—","sin expediente en disco; el criterio de scoring referenciado por canonical (""approved A-03.2 criterion"") permanece citado en código",LS /home/z/my-project; src/lib/knowledge-canonical.ts L729
A-03.3,"—","carpeta evidence-a03-3/ inexistente en disco",NOT_VERIFIABLE,"—","sin expediente en disco",LS /home/z/my-project
A-03.4,"Versionado público de Knowledge; filas LEGACY sin migrar; fix de orden persist→compute en apply","capa legada activa (apply L510-538); stamp LEGACY en schema; comentario de orden A-03.4 en apply L1611-1618 con persist L1619-1622 y compute L1626",CONFIRMED,"ninguna","el orden persist→compute está implementado tal como se reportó","src/app/api/public/apply/route.ts L1611-1635; prisma/schema.prisma L460-480; evidence-a03-4/
A-03.5,"Cadena canónica JOB→…→KnowledgeResult; INSUFFICIENT ≠ 0; un solo motor para ambos flujos; resultado separado del overall","7/7 modelos en schema (L485-L699); scoreCanonicalAdministration atiende PUBLIC_VACANCY (L773-784) e INTERNAL_POSITION (L785-792); INSUFFICIENT→null (L827-830); KnowledgeResult escrito en ambos flujos (evaluations L1461; apply L1487)",CONFIRMED,"ninguna","confirmado sobre árbol limpio; la capa legada sigue activa por diseño (sin migración silenciosa)","src/lib/knowledge-canonical.ts L744-852; prisma/schema.prisma; evidence-a04-4/03-knowledge-reconciliation.md
A-03.5,"KnowledgeResult es registro de evidencia SEPARADO de overallScore","KnowledgeResult persiste score+evidenceStatus+reasonCode+scoringVersion aparte; PERO knowledgeScore VALID/LIMITED sí alimenta el overall (por diseño declarado en comentarios evaluations L1370-1374)","CONFIRMED","matiz: separado = el REGISTRO de evidencia; el score VALID/LIMITED continúa ponderando el global","la separación documentada es del registro de evidencia, no del aporte al overall; coherente con el propio comentario del código (""it feeds overallScore exactly as before"")","evaluations/route.ts L1366-1374/L1456-1458; apply/route.ts L1464/L1486
A-04.1,"C4: indicador de integridad separado, SIN peso automático en overallScore/JobFit","integrityScore pondera 0.15 (4 secc) / 0.40 (sin KN) / 0.50÷k / 0.50 / 1.00 según rama (evaluations L282/285/296/279/271; apply L178/181/192/175/167; apply-final L609/612/623/606/599)",CONTRADICTED,"Integridad SÍ pondera el overall hoy","deuda estructural ya documentada; A-04.1 es NORMA, el código la contradice; sin corrección en esta fase por REGLA ABSOLUTA","evidence-a04-4/04-integrity-reconciliation.md §5
A-04.1,"Base candidata IPIP-HEXACO (dominio público) para piloto futuro","no implementado (correcto: era solo investigación); grep IPIP = 0",CONFIRMED,"ninguna","la fase era SOLO investigación; nada debía implementarse","evidence-a04-1/11-recommendation.md
A-04.2,"GATE-10: Integridad NO entra en JobFit/overallScore sin aprobación metodológica+versionado+validación+legal","el demo ya pondera integridad en overallScore (0.15-1.00) sin gates cumplidos",CONTRADICTED,"la norma GATE-10 sigue violada por el código","coherente con A-04.2 §7 que documentó la deuda y la dejó para fase de implementación; A-04.4 confirma que la deuda PERSISTE","evidence-a04-2/00-master-dossier.md §7; evidence-a04-2/integrity-activation-gates.md GATE-10
A-04.2,"integrityScore es escalar sin evidence-status; knowledgeScore es nullable con evidencia separada","schema: integrityScore Float @default(0) NOT NULL (L277/L402); knowledgeScore Float? (L274/L399); evidenceStatus solo en KnowledgeResult","CONFIRMED","ninguna","asimetría de nullabilidad confirmada sobre árbol limpio","prisma/schema.prisma L274/L277/L399/L402
A-04.3,"CUATRO implementaciones de overallScore (interno, público-step, público-final, video)","F1 evaluations L145-339 (inv L1350); F2 apply L43-233 (inv L448/477/506); F3 apply L547-670 (inv L1626); F4 video L83-175 (gate L83, write L170)",CONFIRMED,"ninguna","todas las líneas re-verificadas sobre HEAD b5dcfb6","evidence-a04-4/05-overall-reconciliation.md
A-04.3,"IPIP no existe en src; participa un Big Five demo de 10 ítems propios","grep IPIP = 0; BIG_FIVE_QUESTIONS L10 generate-templates.ts (10 ítems 2/dim); HARDCODED_BIG_FIVE apply L239-250",CONFIRMED,"ninguna","resolución definitiva con forense git (ver 02)",evidence-a04-4/02-ipip-reconciliation.md
A-04.3,"Integridad SÍ participa en overallScore pese a flag orientative","pesos reales confirmados; flag gobierna solo ítems/guidance (evaluations L234; apply L130)",CONFIRMED,"ninguna","re-confirmado",evidence-a04-4/04-integrity-reconciliation.md
A-04.3,"Recommendation sin umbrales de score (solo completitud); sin sort por score","guidance por completitud (evaluations L310-317; apply L633-641; video L123-132); conteos por recommendation en admin-db L229-235 y dashboard L109-117; sin .sort() por score",CONFIRMED,"ninguna","re-confirmado",evidence-a04-4/09-evaluations-audit.md §4
A-04.3,"Renormalización = matriz de ramas; video = proporcional; INT 0.15→0.40 al faltar KN","ramas L264-304; video L119-120 proporcional",CONFIRMED,"ninguna","re-confirmado",evidence-a04-4/05-overall-reconciliation.md §1
A-04.3,"Legado: interno sin clave→0% participa; público ?? 0 inflan","evaluations L227 estricto→0%; apply L122/L524-526 ?? 0",CONFIRMED,"ninguna","re-confirmado",evidence-a04-4/10-null-zero-audit.md §1.2
A-04.3,"Divergencia interno 39.00 vs público 71.00 con datos idénticos (R7)","aritmética de F1/F3 re-verificada; F4 añade divergencia propia (sin INT, neuroticismo re-invertido, /5 fijo)",CONFIRMED,"ninguna","escenarios derivados del código actual",evidence-a04-3/overall-score-scenarios.md; evidence-a04-4/07-video-audit.md §4
AUDITORIA_EVALUHR.md,"L17/L111: ítems redactados por el desarrollador, sin citar IPIP/NEO/BFI; sin validación","BIG_FIVE_QUESTIONS/INTEGRIDAD_QUESTIONS propios; grep IPIP = 0",CONFIRMED,"ninguna","coincide plenamente con el estado actual","AUDITORIA_EVALUHR.md L17/L111/L114; src/lib/generate-templates.ts L10/L38
AUDITORIA_EVALUHR.md,"L21: APTO/NO_APTO eliminado; recommendation = PENDIENTE/PERFIL_COMPLETO/PERFIL_PARCIAL (orientación)","guidance sin umbrales en los 3 productores; persiste solo en seeds obsoletos (prisma/seed.ts, scripts/seed-supabase.ts)",CONFIRMED,"ninguna","re-confirmado",AUDITORIA_EVALUHR.md L21
AUDITORIA_EVALUHR.md,"L23: no existe auto-exclusión algorítmica (ningún WHERE por score)","candidates/results no filtran por score; solo filtros por recommendation en UI/DB",CONFIRMED,"ninguna","el riesgo residual es el uso de facto del número visible (R3/R4)",AUDITORIA_EVALUHR.md L23; src/app/api/candidates/route.ts; src/app/api/results/route.ts
A-04.4 (hallazgos nuevos),"—","(a) overall interno se calcula ANTES del override canónico del KN (evaluations L1350→L1382) → overall puede no corresponder al knowledgeScore canónico expuesto; (b) puente de video crea EvaluationResult SIN integrityScore → default 0 con puntaje real en VacancyApplication; (c) params muertos positionCategory/hasKnowledgeTest en F1 (L147-148); (d) fallbacks de categoría silenciosos apply L439/468/497",CONFIRMED,"nuevos hallazgos de esta fase","documentados para decisión futura; NO corregidos (regla de fase)",evidence-a04-4/05 §1 F1; 07 §4.7; 09 §3.1; 10 §1.5
